Product Code,Product Name,Brand Name,Description,Image URLs,Rent,Deposit,Quantity,Price Type,Minimum Rental Period,Extra Rent
0108,0108 - RED SATIN TAIL GOWN - Rs.2200/-,DOR,0108 - RED SATIN TAIL GOWN - Rs.2200/-,https://firebasestorage.googleapis.com/v0/b/renting-wala-27d06.appspot.com/o/products%2FWhatsApp%20Image%202025-02-15%20at%2016.56.04%20(3).jpeg?alt=media&token=7aa76b9e-27a3-4fb8-8755-c7da07eb1e36,2200,2200,1,daily,3,220
0109,0109 - MARRON SATIN TAIL GOWN - Rs. 2200/-,DOR,0109 - MARRON SATIN TAIL GOWN - Rs. 2200/-,https://firebasestorage.googleapis.com/v0/b/renting-wala-27d06.appspot.com/o/products%2FWhatsApp%20Image%202025-02-15%20at%2016.56.04%20(1).jpeg?alt=media&token=e91b5d64-937f-4efd-88a1-c98bcec57a8e,2200,2200,1,daily,3,220
0110,0110 - BLOOD RED SLEEVES SATIN TAIL GOWN - Rs. 2200/-,DOR,0110 - BLOOD RED SLEEVES SATIN TAIL GOWN - Rs. 2200/-,https://firebasestorage.googleapis.com/v0/b/renting-wala-27d06.appspot.com/o/products%2FWhatsApp%20Image%202025-02-15%20at%2016.56.04%20(4).jpeg?alt=media&token=78c61d05-655e-4bc9-9239-2436d04e47c6,2200,2200,1,daily,3,220
0111,0111- LAVENDER SATIN TAIL GOWN - Rs.2200/-,DOR,0111- LAVENDER SATINE TAIL GOWN - Rs.2200/-,https://firebasestorage.googleapis.com/v0/b/renting-wala-27d06.appspot.com/o/products%2FWhatsApp%20Image%202025-02-15%20at%2016.56.04%20(2).jpeg?alt=media&token=98412b9a-561e-44d4-a41a-35844b71f59f,2200,2200,1,daily,3,220
0112,0112- TURQUOISE GREEN SATIN TAIL GOWN - Rs. 2200/-,DOR,0112- TURQUOISE GREEN SATIN TAIL GOWN - Rs. 2200/-,https://firebasestorage.googleapis.com/v0/b/renting-wala-27d06.appspot.com/o/products%2FWhatsApp%20Image%202025-02-15%20at%2016.56.04.jpeg?alt=media&token=2e329fbe-daa1-478a-b3c4-2e8bc71f0a81,2200,2200,1,daily,3,220
0113,0113 -  OFF WHITE & BLUE SOUTH INDIAN LEHENGA - Rs. 1500/-,DOR,0113 -  OFF WHITE & BLUE SOUTH INDIAN LEHENGA - Rs. 1500/-,https://firebasestorage.googleapis.com/v0/b/renting-wala-27d06.appspot.com/o/products%2F4444%2FIMG-20250516-WA0063.jpg?alt=media&token=3bc75639-c5e3-4789-b9f1-cd75fe8add44,1500,1500,1,daily,3,150
0114,0114 - SOUTH INDIAN PISTA GREEN LEHENGA - Rs. 1500/-,DOR,0114 - SOUTH INDIAN PISTA GREEN LEHENGA - Rs. 1500/-,https://firebasestorage.googleapis.com/v0/b/renting-wala-27d06.appspot.com/o/products%2F4444%2FIMG-20250516-WA0065.jpg?alt=media&token=edb3308a-cd11-4d39-a1a1-5026188fe1d6,1500,1500,1,daily,3,150
0115,0115 - BLACK SEQUIN LEHENGA - Rs.1500/-,DOR,0115 - BLACK SEQUIN LEHENGA - Rs.1500/-,https://firebasestorage.googleapis.com/v0/b/renting-wala-27d06.appspot.com/o/products%2F4444%2FIMG-20250516-WA0064.jpg?alt=media&token=54ab21d8-6c46-4207-a416-6925f8632177,1500,1500,1,daily,3,150
0116,0116 - LILAC LEHENGA - Rs. 1500/-,DOR,0116 - LILAC LEHENGA - Rs. 1500/-,https://firebasestorage.googleapis.com/v0/b/renting-wala-27d06.appspot.com/o/products%2F4444%2FIMG-20250516-WA0066.jpg?alt=media&token=609b7ea1-1958-4e1d-b8ee-485bb01476fa,1500,1500,1,daily,3,150
0117,0117 - PISTA GREEN NET LEHENGA - Rs.1500/-,DOR,0117 - PISTA GREEN NET LEHENGA - Rs.1500/-,https://firebasestorage.googleapis.com/v0/b/renting-wala-27d06.appspot.com/o/products%2F4444%2FIMG-20250516-WA0067.jpg?alt=media&token=50d90e31-9966-4946-8e9a-5a2eab61f59c,1500,1500,1,daily,3,150
0118,0118 -  MULTICOLOR PALAZZO SHARARA - Rs. 1500/-,DOR,0118 -  MULTICOLOR PALAZZO SHARARA - Rs. 1500/-,https://firebasestorage.googleapis.com/v0/b/renting-wala-27d06.appspot.com/o/products%2F4444%2FWhatsApp%20Image%202025-04-22%20at%2018.44.32%20(3).jpeg?alt=media&token=d65744bb-8cdb-4bd9-ae8a-e66d9e59e14d,1500,1500,1,daily,3,150
0119,0119 - MISTY GREEN PALAZZO SHARARA - Rs. 1500/-,DOR,0119 - MISTY GREEN PALAZZO SHARARA - Rs. 1500/-,https://firebasestorage.googleapis.com/v0/b/renting-wala-27d06.appspot.com/o/products%2F4444%2FWhatsApp%20Image%202025-04-22%20at%2018.44.32%20(2).jpeg?alt=media&token=e7b75db5-2032-4973-bef4-8da924bbd431,1500,1500,1,daily,3,150
0120,0120 -  3pc DHOTI DRESS WITH CROP TOP - Rs. 1500/-,DOR,0120 -  3pc DHOTI DRESS WITH CROP TOP - Rs. 1500/-,https://firebasestorage.googleapis.com/v0/b/renting-wala-27d06.appspot.com/o/products%2F4444%2FWhatsApp%20Image%202025-04-22%20at%2018.44.32%20(5).jpeg?alt=media&token=45cfed5a-c178-4fcc-bdc7-e9fb152ed802,1500,1500,1,daily,3,150
0121,0121 - GOLDEN MIRROR DUAL TONE DESIGNER SHARARA - Rs. 1500/-,DOR,0121 - GOLDEN MIRROR DUAL TONE DESIGNER SHARARA - Rs. 1500/-,https://firebasestorage.googleapis.com/v0/b/renting-wala-27d06.appspot.com/o/products%2F4444%2FWhatsApp%20Image%202025-04-22%20at%2018.44.32%20(6).jpeg?alt=media&token=37966a9e-f60d-4737-88d3-ca7386201ee6,1500,1500,1,daily,3,150
0122,0122 -  PINK GARARA SUIT - Rs. 1500/-,DOR,0122 -  PINK GARARA SUIT - Rs. 1500/-,https://firebasestorage.googleapis.com/v0/b/renting-wala-27d06.appspot.com/o/products%2F4444%2FWhatsApp%20Image%202025-04-22%20at%2018.44.32.jpeg?alt=media&token=a1687b96-dd9e-4bf9-be6e-6628161970f1,1500,1500,1,daily,3,150
0123,0123 -  BABY PINK SILK TOP & GEORGETTE PALAZZO EMBROIDERED SET WITH NET JACKET - Rs. 1500/-,DOR,0123 -  BABY PINK SILK TOP & GEORGETTE PALAZZO EMBROIDERED SET WITH NET JACKET - Rs. 1500/-,https://firebasestorage.googleapis.com/v0/b/renting-wala-27d06.appspot.com/o/products%2F4444%2FWhatsApp%20Image%202025-04-22%20at%2018.44.32%20(1).jpeg?alt=media&token=6b82c451-21cd-4f8e-bf0c-ead693b21b75,1500,1500,1,daily,3,150
0124,0124 -  BLACK GEORGETTE TOP & PALAZZO EMBROIDERED SET WITH NET JACKET - Rs. 1500/-,DOR,0124 -  BLACK GEORGETTE TOP & PALAZZO EMBROIDERED SET WITH NET JACKET - Rs. 1500/-,https://firebasestorage.googleapis.com/v0/b/renting-wala-27d06.appspot.com/o/products%2F4444%2FWhatsApp%20Image%202025-04-22%20at%2018.44.32%20(7).jpeg?alt=media&token=8bc7987b-345b-4db3-b8b2-ea118e92c59a,1500,1500,1,daily,3,150
0125,0125 -  STRIKING YELLOW DRAPED SAREE - Rs. 2000/-,DOR,0125 -  STRIKING YELLOW DRAPED SAREE - Rs. 2000/-,https://firebasestorage.googleapis.com/v0/b/renting-wala-27d06.appspot.com/o/products%2F4444%2FWhatsApp%20Image%202025-04-22%20at%2018.44.32%20(8).jpeg?alt=media&token=a8decb23-3adf-4034-831d-f2ae5ac6df00,2000,2000,1,daily,3,200
0126,0126 -  BURNT ORANGE MUSLIN CRAPE HEAVY EMBROIDERED CROP WITH EMBROIDERED HEAVY FALLING SLEEVES - Rs. 1500/-,DOR,0126 -  BURNT ORANGE MUSLIN CRAPE HEAVY EMBROIDERED CROP WITH EMBROIDERED HEAVY FALLING SLEEVES - Rs. 1500/-,https://firebasestorage.googleapis.com/v0/b/renting-wala-27d06.appspot.com/o/products%2F4444%2FWhatsApp%20Image%202025-04-22%20at%2018.44.31.jpeg?alt=media&token=3d2b30e0-639e-4b79-bd54-0b4d08b68115,1500,1500,1,daily,3,150
0127,0127 - BLUE DRAPED SAREE WITH EMBROIDERED NET BLOUSE - Rs. 1500/-,DOR,0127 - BLUE DRAPED SAREE WITH EMBROIDERED NET BLOUSE - Rs. 1500/-,https://firebasestorage.googleapis.com/v0/b/renting-wala-27d06.appspot.com/o/products%2F4444%2FWhatsApp%20Image%202025-04-22%20at%2018.44.32%20(4).jpeg?alt=media&token=c9c551c7-d399-43a3-83b0-f0fa3a65950c,1500,1500,1,daily,3,150
0128,0128 - IVORY SLEEVLESS PAKISTANI SHARARA - Rs.1500/-,DOR,0128 - IVORY SLEEVLESS PAKISTANI SHARARA - Rs.1500/-,https://firebasestorage.googleapis.com/v0/b/renting-wala-27d06.appspot.com/o/products%2F4444%2F128.jpg?alt=media&token=ee3387c7-2043-42d9-a2df-42c55713ee81,1500,1500,1,daily,3,150
0129,0129 - IVORY SLEEVELESS GUJRATI SHARARA - Rs.1500/-,DOR,0129 - IVORY SLEEVELESS GUJRATI SHARARA - Rs.1500/-,https://firebasestorage.googleapis.com/v0/b/renting-wala-27d06.appspot.com/o/products%2F4444%2F129.jpg?alt=media&token=1e49dda5-4266-471c-8b8f-9db1c6587159,1500,1500,1,daily,3,150
0130,0130 - ORANGE KAUDI LACE CUT SHARARA Rs.1500/-,DOR,0130 - ORANGE KAUDI LACE CUT SHARARA Rs.1500/-,https://firebasestorage.googleapis.com/v0/b/renting-wala-27d06.appspot.com/o/products%2F4444%2F130.jpg?alt=media&token=f963b54f-1bce-4b1d-bfd7-8f488bf6fa98,1500,1500,1,daily,3,150
0131,0131 - IVORY FRONT SLIT ANARKALI SUIT - Rs.2000/-,DOR,0131 - IVORY FRONT SLIT ANARKALI SUIT - Rs.2000/-,https://firebasestorage.googleapis.com/v0/b/renting-wala-27d06.appspot.com/o/products%2F4444%2F131.jpg?alt=media&token=b5cc7090-7ef9-424f-86d6-da530a5021a8,2000,2000,1,daily,3,200
0132,0132 - DESIGNER PASTAL OLIVE GREEN SLEEVELESS ANARKALI WITH SKIRT Rs.2000/-,DOR,0132 - DESIGNER PASTAL OLIVE GREEN SLEEVELESS ANARKALI WITH SKIRT Rs.2000/-,https://firebasestorage.googleapis.com/v0/b/renting-wala-27d06.appspot.com/o/products%2F4444%2F132.jpg?alt=media&token=009be807-dd9f-4614-ac89-ac6417565e6c,2000,2000,1,daily,3,200
0133,0133 - RAJPUTI POSHAK Rs.2000/-,DOR,0133 - RAJPUTI POSHAK Rs.2000/-,https://firebasestorage.googleapis.com/v0/b/renting-wala-27d06.appspot.com/o/products%2F4444%2F133.jpg?alt=media&token=10eecb37-3551-453a-b67d-b9343c024351,2000,2000,1,daily,3,2000
0134,0134 - OFF SHOULDER LIGHT GRAY NET GOWN Rs.2000/-,DOR,0134 - OFF SHOULDER LIGHT GRAY NET GOWN Rs.2000/-,https://firebasestorage.googleapis.com/v0/b/renting-wala-27d06.appspot.com/o/products%2F4444%2F134.jpg?alt=media&token=a312831e-5d02-481d-a8ca-aa38840059e7,2000,2000,1,daily,3,2000
0135,0135 - OFF SHOULDER DARK GRAY NET GOWN Rs.2000/-,DOR,0135 - OFF SHOULDER DARK GRAY NET GOWN Rs.2000/-,https://firebasestorage.googleapis.com/v0/b/renting-wala-27d06.appspot.com/o/products%2F4444%2F135.jpg?alt=media&token=41e1ac7f-7fa1-432d-896b-a63c86285857,2000,2000,1,daily,3,200
0136,0136 - OFF SHOULDER BLACK NET GOWN Rs.2000/-,DOR,0136 - OFF SHOULDER BLACK NET GOWN Rs.2000/-,https://firebasestorage.googleapis.com/v0/b/renting-wala-27d06.appspot.com/o/products%2F4444%2F136.jpg?alt=media&token=9ae3984a-454b-4079-9215-8d4d68040b70,2000,2000,1,daily,3,200
0137,0137 -  OFF SHOULDER YELLOW NET GOWN Rs. 2200/-,DOR,0137 -  SINGLE SHOULDER CAPE SLEEVES YELLOW NET GOWN  Rs. 2200/-,https://firebasestorage.googleapis.com/v0/b/renting-wala-27d06.appspot.com/o/products%2F4444%2F137.jpg?alt=media&token=642f3ed6-1820-4429-abde-f6a352cf7903,2200,2200,1,daily,3,220
0138,0138 - OFF SHOULDER BABY PINK NET GOWN Rs.2200/-,DOR,0138 - OFF SHOULDER BABY PINK NET GOWN Rs.2200/-,https://firebasestorage.googleapis.com/v0/b/renting-wala-27d06.appspot.com/o/products%2F4444%2F138.jpg?alt=media&token=bf9a45e6-8cbd-4a12-bf46-7f622267f887,2200,2200,1,daily,3,220
0139,0139 - BLACK SATIN  BIG BOW SHOULDER SATIN GOWN Rs. 2000/-,DOR,0139 - BLACK SATIN  BIG BOW SHOULDER SATIN GOWN Rs. 2000/-,https://firebasestorage.googleapis.com/v0/b/renting-wala-27d06.appspot.com/o/products%2F4444%2F139.jpg?alt=media&token=aff2eb52-6ac2-4ff8-be77-badcbd31afda,2000,2000,1,daily,3,200
0140,0140 - BLOOD RED FLOWER SHOULDER CORSET TURKISH NET GOWN Rs.3000/-,DOR,0140 - BLOOD RED FLOWER SHOULDER CORSET TURKISH NET GOWN Rs.3000/-,https://firebasestorage.googleapis.com/v0/b/renting-wala-27d06.appspot.com/o/products%2F4444%2F140.jpg?alt=media&token=8f94f278-9d85-4441-96ef-7ca85d2f5cba,3000,3000,1,daily,3,300
0141,"0141 - FULL SLEEVES GOLDEN BORDER WITH RANI PINK DUPATTA Rs. 2000/- ",DOR,"0141 - FULL SLEEVES GOLDEN BORDER WITH RANI PINK DUPATTA Rs. 2000/- ",https://firebasestorage.googleapis.com/v0/b/renting-wala-27d06.appspot.com/o/products%2F4444%2F141.jpg?alt=media&token=41b7b476-732e-4c7e-97c4-df8572d820e7,2000,2000,1,daily,3,200
0142,0142 - PLASCON DEEP BLUE LEHENGA WITH GOLDEN WORK BLOUSE Rs. 2000/-,DOR,0142 - PLASCON DEEP BLUE LEHENGA WITH GOLDEN WORK BLOUSE Rs. 2000/-,https://firebasestorage.googleapis.com/v0/b/renting-wala-27d06.appspot.com/o/products%2F4444%2F142.jpg?alt=media&token=e9078204-3344-4154-b3c7-aa43cd82f40f,2000,2000,1,daily,3,200
0143,0143 -  LIGHT BEIGE LEHENGA WITH GOLDEN YELLOW DUPATTA Rs. 2000/-,DOR,0143 -  LIGHT BEIGE LEHENGA WITH GOLDEN YELLOW DUPATTA Rs. 2000/-,https://firebasestorage.googleapis.com/v0/b/renting-wala-27d06.appspot.com/o/products%2F4444%2F143.jpg?alt=media&token=3ef25212-722a-4a8e-b69b-e91a6ef4767b,2000,2000,1,daily,3,200
0144,0144 - BLACK FISHCUT LEHENGA WITH RUFFLE DUPATTA Rs. 2000/-,DOR,0144 - BLACK FISHCUT LEHENGA WITH RUFFLE DUPATTA Rs. 2000/-,https://firebasestorage.googleapis.com/v0/b/renting-wala-27d06.appspot.com/o/products%2F4444%2F144.jpg?alt=media&token=796efc0d-dec4-4615-b1b8-7da76865e0cc,2000,2000,1,daily,3,200
0145,0145 - GEORGETTE SILK DARK OLIVE LEHENGA Rs.2000/-,DOR,0145 - GEORGETTE SILK DARK OLIVE LEHENGA Rs.2000/-,https://firebasestorage.googleapis.com/v0/b/renting-wala-27d06.appspot.com/o/products%2F4444%2F145.jpg?alt=media&token=1aa6c7ab-b7fb-487a-bc00-fc6f2921477d,2000,2000,1,daily,3,200
0146,0146 - AZAZIE BURGANDY BRIDESMAID DRESS - Rs.1500/-,AZAZIE,0146 - AZAZIE BURGANDY BRIDESMAID DRESS - Rs.1500/-,https://firebasestorage.googleapis.com/v0/b/renting-wala-27d06.appspot.com/o/products%2F4444%2F146.jpg?alt=media&token=40b338d2-c419-490f-a878-ff1bd0e5050c,1500,1500,1,daily,3,150
0147,0147 - AZAZIE BLACK VELVET BRIDESMAID DRESS XXL - Rs.1500/-,AZAZIE,0147 - AZAZIE BLACK VELVET BRIDESMAID DRESS XXL - Rs.1500/-,https://firebasestorage.googleapis.com/v0/b/renting-wala-27d06.appspot.com/o/products%2F4444%2F147.jpg?alt=media&token=a0c2a595-6722-4a72-bcb2-248981113a84,1500,1500,1,daily,3,150
0148,0148 - BLACK VELVET BRIDSMAID SLIDE SLIT DRESS L - Rs.1500/-,AZAZIE,0148 - BLACK VELVET BRIDSMAID SLIDE SLIT DRESS L - Rs.1500/-,https://firebasestorage.googleapis.com/v0/b/renting-wala-27d06.appspot.com/o/products%2F4444%2F148.jpg?alt=media&token=565c6038-72ec-4078-abbc-4d05899cb381,1500,1500,1,daily,3,150
0149,0149 - PURPLE VELVET MAXI DRESS XS - Rs.1500/-,AZAZIE,0149 - PURPLE VELVET MAXI DRESS XS - Rs.1500/-,https://firebasestorage.googleapis.com/v0/b/renting-wala-27d06.appspot.com/o/products%2F4444%2F149.jpg?alt=media&token=28ee1b22-8a46-4b18-92fa-383cbd0e7de1,1500,1500,1,daily,3,150
0150,"0150 - WISTERIA A-LINE PLEATED MESH DRESS XS- Rs.1500/- ",AZAZIE,"0150 - WISTERIA A-LINE PLEATED MESH DRESS XS- Rs.1500/- ",https://firebasestorage.googleapis.com/v0/b/renting-wala-27d06.appspot.com/o/products%2F4444%2F150.jpg?alt=media&token=bfd4cf38-7cae-4339-a39c-79398b5f99ea,1500,1500,1,daily,3,150
0151,0151 - DESERT ROSE A-LINE LACE CHIFFON DRESS S Rs.1500/-,AZAZIE,0151 - DESERT ROSE A-LINE LACE CHIFFON DRESS S Rs.1500/-,https://firebasestorage.googleapis.com/v0/b/renting-wala-27d06.appspot.com/o/products%2F4444%2F151.jpg?alt=media&token=cc03a743-bdc5-43ed-8a5c-3c80916134d2,1500,1500,1,daily,3,150
0152,0152 -  CABERNET HIGH NECK BRIDESMAID DRESS XL Rs.1500/-,AZAZIE,0152 -  CABERNET HIGH NECK BRIDESMAID DRESS XL Rs.1500/-,https://firebasestorage.googleapis.com/v0/b/renting-wala-27d06.appspot.com/o/products%2F4444%2F152.jpg?alt=media&token=cf1ce210-2327-4a63-9528-2c1e631a01f6,1500,1500,1,daily,3,150
0153,0153 -  CABERNET HIGH NECK SIDE SLIT CHIFFON DRESS XL Rs.1500/-,AZAZIE,0153 -  CABERNET HIGH NECK SIDE SLIT CHIFFON DRESS XL Rs.1500/-,https://firebasestorage.googleapis.com/v0/b/renting-wala-27d06.appspot.com/o/products%2F4444%2F153.jpg?alt=media&token=32723f35-3a01-4bab-a7c7-425edf067332,1500,1500,1,daily,3,150
0154,0154 - BLACK ONE SHOULDER BRIDESMAID CHIFFON DRESS L Rs.1500/-,AZAZIE,0154 - BLACK ONE SHOULDER BRIDESMAID CHIFFON DRESS L Rs.1500/-,https://firebasestorage.googleapis.com/v0/b/renting-wala-27d06.appspot.com/o/products%2F4444%2F154.jpg?alt=media&token=f0cf7f40-0b5e-4bd0-9c45-893e42bd3c37,1500,1500,1,daily,3,150
0155,0155 - RED ONE SHOULDER BRIDESMAID CHIFFON DRESS XXL Rs.1500/-,AZAZIE,0155 - RED ONE SHOULDER BRIDESMAID CHIFFON DRESS XXL Rs.1500/-,https://firebasestorage.googleapis.com/v0/b/renting-wala-27d06.appspot.com/o/products%2F4444%2F155.jpg?alt=media&token=7acc3b93-ee00-4197-b20f-ca9b94f87414,1500,1500,1,daily,3,150
0156,0156 - CABERNET CHIFFON BRIDESMAID DRESS L Rs.1500/-,AZAZIE,0156 - CABERNET CHIFFON BRIDESMAID DRESS L Rs.1500/-,https://firebasestorage.googleapis.com/v0/b/renting-wala-27d06.appspot.com/o/products%2F4444%2F156.jpg?alt=media&token=1f2a3664-345b-4f4b-965a-20bda30ee220,1500,1500,1,daily,3,150
0157,0157 - NEPTUNE A-LINE OFF SHOULDER GATHERED CHIFFON DRESS M Rs. 1500/-,AZAZIE,0157 - NEPTUNE A-LINE OFF SHOULDER GATHERED CHIFFON DRESS M Rs. 1500/-,https://firebasestorage.googleapis.com/v0/b/renting-wala-27d06.appspot.com/o/products%2F4444%2F157.jpg?alt=media&token=2f8b412a-e784-4ca5-900d-310a83396305,1500,1500,1,daily,3,150
0158,0158 - ROSETTE A-LINE CORSET CHIFFON DRESS M Rs.1500/-,AZAZIE,0158 - ROSETTE A-LINE CORSET CHIFFON DRESS M Rs.1500/-,https://firebasestorage.googleapis.com/v0/b/renting-wala-27d06.appspot.com/o/products%2F4444%2F158.jpg?alt=media&token=9f1ba65b-acd8-4f93-9fcb-830e403777cc,1500,1500,1,daily,3,150
0159,0159 - ENGLISH ROSE JEWEL NECK XXXL DRESS Rs.1500/-,AZAZIE,0159 - ENGLISH ROSE JEWEL NECK XXXL DRESS Rs.1500/-,https://firebasestorage.googleapis.com/v0/b/renting-wala-27d06.appspot.com/o/products%2F4444%2F159.jpg?alt=media&token=78209861-2de4-4785-82bb-869d152afc09,1500,1500,1,daily,3,150
0160,0160 - BLACK SIDE SLIT FLOUNCE SHOULDER CHIFFON DRESS L Rs.1500/-,AZAZIE,0160 - BLACK SIDE SLIT UMBRELLA SHOULDER CHIFFON DRESS L Rs.1500/-,https://firebasestorage.googleapis.com/v0/b/renting-wala-27d06.appspot.com/o/products%2F4444%2F160.jpg?alt=media&token=48354025-7884-4796-9bad-2226b9678f2e,1500,1500,1,daily,3,150
0161,0161 - PURPLE SEQUIN OFF SHOULDER ONE PIECE PARTY WEAR Rs.1500/-,DOR,0161 - PURPLE SEQUIN OFF SHOULDER ONE PIECE PARTY WEAR Rs.1500/-,https://firebasestorage.googleapis.com/v0/b/renting-wala-27d06.appspot.com/o/products%2F4444%2F161.jpg?alt=media&token=84e5b0ba-3e90-4c0d-9656-06bc52183884,2000,2000,1,daily,3,200
0162,0162 - Chiffon Tiered Skirt Max Bohemian Dress-Burgundy Rs. 1500/-,BABARONI,0162 - Chiffon Tiered Skirt Max Bohemian Dress-Burgundy Rs. 1500/-,https://firebasestorage.googleapis.com/v0/b/renting-wala-27d06.appspot.com/o/products%2F4444%2FIMG_1290.jpg?alt=media&token=d2157dc3-5ac6-4046-a32a-7ac66ccdab25,1500,1500,1,daily,3,150
0163,0163 - JOVANI LACE DEEP V-NECK BLACK PROM DRESS RS. 2000/-,JOVANI,0163 - JOVANI LACE DEEP V-NECK BLACK PROM DRESS RS. 2000/-,https://firebasestorage.googleapis.com/v0/b/renting-wala-27d06.appspot.com/o/products%2F4444%2FIMG_1288.jpg?alt=media&token=feabdeaa-4272-424d-9aa1-feb9e93da567,2000,2000,1,daily,3,200
0164,0164 - CREAM FAIRYTALE CHRISTINE LONG TAIL GOWN Rs. 2000/-,JOVANI,0164 - CREAM FAIRYTALE LONG TAIL GOWN Rs. 2000/-,https://firebasestorage.googleapis.com/v0/b/renting-wala-27d06.appspot.com/o/products%2F4444%2FIMG_1291.jpg?alt=media&token=630a697a-d39f-4c53-ae85-d7e934cb19fa,2000,2000,1,daily,3,200
0165,0165 -  NEVY BLUE FLORAL BALL GOWN - Rs.3000/-,DOR,0165 -  NEVY BLUE FLORAL BALL GOWN - Rs.3000/-,https://firebasestorage.googleapis.com/v0/b/renting-wala-27d06.appspot.com/o/products%2F4444%2FIMG_2207_3.jpg?alt=media&token=8043802e-4965-40b7-b1e2-a9a4ca90d044,3000,3000,1,daily,3,300
0166,0166 - WHITE TAIL CHRISTINE GOWN - Rs. 3000/-,JOVANI,0166 - WHITE TAIL CHRISTINE GOWN - Rs. 3000/-,https://firebasestorage.googleapis.com/v0/b/renting-wala-27d06.appspot.com/o/products%2F4444%2F166.jpg?alt=media&token=6bf2a17f-6d03-4cbf-9d64-7ded8ee5dbc1,3000,3000,1,daily,3,300
0167,0167 - AZAZIE GREEN HALTERNECK BRIDESMAID DRESS Rs. 1500/-,AZAZIE,0167 - AZAZIE GREEN HALTERNECK BRIDESMAID DRESS Rs. 1500/-,https://firebasestorage.googleapis.com/v0/b/renting-wala-27d06.appspot.com/o/products%2F4444%2F167.jpg?alt=media&token=bb3ad67c-25d1-4458-965a-8a7188fe5b77,1500,1500,1,daily,3,150
0168,0168 - WHITE FLORAL GOWN Rs. -  2000,JOVANI,0168 - WHITE FLORAL GOWN Rs. -  2000,https://firebasestorage.googleapis.com/v0/b/renting-wala-27d06.appspot.com/o/products%2F4444%2F168.jpg?alt=media&token=05c64a7e-ecbe-4b9d-a308-3f6c6b68b4df,2000,2000,1,daily,3,200
0169,0169 - ONION PINK HIGH NECK SHARARA Rs. 2000/-,DOR,0169 - ONION PINK HIGH NECK SHARARA Rs. 2000/-,https://firebasestorage.googleapis.com/v0/b/renting-wala-27d06.appspot.com/o/products%2F4444%2F169.jpg?alt=media&token=c9abffb6-d46b-4ac6-89ea-7782912b3582,2000,2000,1,daily,3,200
0170,0170 - PEARL WHITE CROP TOP WITH DHOTI Rs. 2000/-,DOR,0170 - PEARL WHITE CROP TOP WITH DHOTI Rs. 2000/-,https://firebasestorage.googleapis.com/v0/b/renting-wala-27d06.appspot.com/o/products%2F4444%2F170.jpg?alt=media&token=6f1915ce-c983-49a8-b2d4-ccfd8c316907,2000,2000,1,daily,3,200
0171,0171 - TISSUE JIMMY-CHOO SHINY PURPLE PAKISTANI SHARARA Rs. 2000/-,DOR,0171 - TISSUE JIMMY-CHOO SHINY PURPLE PAKISTANI SHARARA Rs. 2000/-,https://firebasestorage.googleapis.com/v0/b/renting-wala-27d06.appspot.com/o/products%2F4444%2F171.jpg?alt=media&token=ef981901-947a-4ccc-99c0-7a66900a9a78,2000,2000,1,daily,3,200
0172,0172 - TISSUE JIMMY-CHOO SHINY GREEN PAKISTANI SHARARA Rs. 2000/-,DOR,0172 - TISSUE JIMMY-CHOO SHINY GREEN PAKISTANI SHARARA Rs. 2000/-,https://firebasestorage.googleapis.com/v0/b/renting-wala-27d06.appspot.com/o/products%2F4444%2F172.jpg?alt=media&token=daadaab0-12e1-4512-b7e1-5435915b1c6b,2000,2000,1,daily,3,200
0173,0173 - DARK GREEN SHARARA Rs.1500/-,DOR,0173 - DARK GREEN SHARARA Rs.1500/-,https://firebasestorage.googleapis.com/v0/b/renting-wala-27d06.appspot.com/o/products%2F4444%2F173.jpg?alt=media&token=25fc67d6-c4d2-46bf-9672-d22ce252a148,1500,1500,1,daily,3,150
0174,0174 - INDOWESTERN DRAPED SAREE WITH JACKET Rs.2000/-,DOR,0174 - INDOWESTERN DRAPPED DAREE WITH JACKET Rs.2000/-,https://firebasestorage.googleapis.com/v0/b/renting-wala-27d06.appspot.com/o/products%2F4444%2F174.jpg?alt=media&token=17b525e1-70be-4a43-8622-021df265e62a,2000,2000,1,daily,3,200
0175,0175 - PINK DHOTI SKIRT WITH FULL SLEEVES JACKET Rs. 2000/-,DOR,0175 - PINK DHOTI SKIRT WITH FULL SLEEVES JACKET Rs. 2000/-,https://firebasestorage.googleapis.com/v0/b/renting-wala-27d06.appspot.com/o/products%2F4444%2F175.jpg?alt=media&token=f6d78935-98ca-4f5b-bd92-f1b88c079435,2000,2000,1,daily,3,200
0176,0176 - STERLING YELLOW INDOWESTERN DHOTI WITH SHRUG Rs. 2500/-,DOR,0176 - STERLING YELLOW INDOWESTERN DHOTI WITH SHRUG Rs. 2500/-,https://firebasestorage.googleapis.com/v0/b/renting-wala-27d06.appspot.com/o/products%2F4444%2F176.jpg?alt=media&token=d0b0d88e-8765-4779-90e2-6884fca24eb4,2500,2500,1,daily,3,250
0177,"0177 -  PINK & CREAM INDOWESTERN DHOTI SKIRT WITH SHRUG Rs.2500/- ",DOR,"0177 -  PINK & CREAM INDOWESTERN DHOTI SKIRT WITH SHRUG Rs.2500/- ",https://firebasestorage.googleapis.com/v0/b/renting-wala-27d06.appspot.com/o/products%2F4444%2F177.jpg?alt=media&token=c5e77ed6-c14d-492d-9d94-d31928c87fae,2500,2500,1,daily,3,250
0178,0178 - DARK PINK INDOWESTERN 3 PIECE CAPE PATTERN Rs.2000/-,DOR,0178 - DARK PINK INDOWESTERN 3 PIECE CAPE PATTERN Rs.2000/-,https://firebasestorage.googleapis.com/v0/b/renting-wala-27d06.appspot.com/o/products%2F4444%2F178.jpg?alt=media&token=1b979926-c9d2-4f19-a8ff-535bc7ff181b,2000,2000,1,daily,3,200
0179,0179 - GRAY GEORGETTE PALAZZO WITH GOLD TOP Rs. 2000/-,DOR,0179 - GRAY GEORGETTE PALAZZO WITH GOLD TOP Rs. 2000/-,https://firebasestorage.googleapis.com/v0/b/renting-wala-27d06.appspot.com/o/products%2F4444%2F179.jpg?alt=media&token=5037b049-05fb-4de5-943b-ba32bb190201,2000,2000,1,daily,3,200
0180,"0180 - GOLDEN BEIGE PAKISTANI SHARARA Rs. 2500/- ",DOR,"0180 - GOLDEN BEIGE PAKISTANI SHARARA Rs. 2500/- ",https://firebasestorage.googleapis.com/v0/b/renting-wala-27d06.appspot.com/o/products%2F4444%2F180.jpg?alt=media&token=ee285cae-34ee-4415-b82a-f2b69e24957e,2500,2500,1,daily,3,250
0181,0181 - BLACK DRAPED SAREE WITH BELT & SHRUG Rs. 3000/-,DOR,0181 - BLACK DRAPED SAREE WITH BELT & SHRUG Rs. 3000/-,https://firebasestorage.googleapis.com/v0/b/renting-wala-27d06.appspot.com/o/products%2F4444%2F181.jpg?alt=media&token=e8fc33b2-2d03-4c45-a923-40cbd5d53540,3000,3000,1,daily,3,300
0182,0182 - RED DRAPED SAREE WITH RED GOLDEN BLOUSE Rs.2500/-,DOR,0182 - RED DRAPED SAREE WITH RED GOLDEN BLOUSE Rs.2500/-,https://firebasestorage.googleapis.com/v0/b/renting-wala-27d06.appspot.com/o/products%2F4444%2F182.jpg?alt=media&token=a71cb213-ddaf-41d3-87ad-4e029c470bdb,2500,2500,1,daily,3,250
0183,0183 -  V-SHAPE BLACK CORSET DRAPED SAREE Rs.2500/-,DOR,0183 -  V-SHAPE BLACK CORSET DRAPED SAREE Rs.2500/-,https://firebasestorage.googleapis.com/v0/b/renting-wala-27d06.appspot.com/o/products%2F4444%2F183.jpg?alt=media&token=97ac800d-5173-4687-954a-8724c4a47ecf,2500,2500,1,daily,3,250
0184,0184 - AUQA BLUE PRE DRAPED SAREE Rs.2000/-,DOR,0184 - AUQA BLUE PRE DRAPED SAREE Rs.2000/-,https://firebasestorage.googleapis.com/v0/b/renting-wala-27d06.appspot.com/o/products%2F4444%2F184.jpg?alt=media&token=49da5ef4-f595-411a-b839-463600a77f29,2000,2000,1,daily,3,200
0185,0185 - PRE DRAPED BEIGE SAREE Rs.2000/-,DOR,0185 - PRE DRAPED BEIGE SAREE Rs.2000/-,https://firebasestorage.googleapis.com/v0/b/renting-wala-27d06.appspot.com/o/products%2F4444%2F185.jpg?alt=media&token=88223c53-567d-48e4-ab21-4713db70a7b5,2000,2000,1,daily,3,200
0186,0186 - SATIN GRAY PRE DRAPED CORSET SAREE Rs.2500/-,DOR,0186 - SATIN GRAY PRE DRAPED CORSET SAREE Rs.2500/-,https://firebasestorage.googleapis.com/v0/b/renting-wala-27d06.appspot.com/o/products%2F4444%2F186.jpg?alt=media&token=85a2c8de-75cf-4c5e-9926-7bfc721688fe,2500,2500,1,daily,3,250
0187,0187 - SATIN BROWN PRE DRAPED CORSET SAREE WITH BELT Rs.2500/-,DOR,0187 - SATIN BROWN PRE DRAPED CORSET SAREE WITH BELT Rs.2500/-,https://firebasestorage.googleapis.com/v0/b/renting-wala-27d06.appspot.com/o/products%2F4444%2F187.jpg?alt=media&token=ae85ce61-5eb5-409b-802e-b39b50226a0a,2500,2500,1,daily,3,250
0188,0188 - PRI DRAPED RED SAREE WITH GOLDEN BORDER Rs.2500/-,DOR,0188 - PRI DRAPED RED SAREE WITH GOLDEN BORDER Rs.2500/-,https://firebasestorage.googleapis.com/v0/b/renting-wala-27d06.appspot.com/o/products%2F4444%2F188.jpg?alt=media&token=72f2d597-9fdb-4160-a3da-ed3bc247e124,2500,2500,1,daily,3,250
0189,0189 - BLOOD RED DRAPED SAREE WITH BELT Rs.2500/-,DOR,0189 - BLOOD RED DRAPED SAREE WITH BELT Rs.2500/-,https://firebasestorage.googleapis.com/v0/b/renting-wala-27d06.appspot.com/o/products%2F4444%2F189.jpg?alt=media&token=519ff4b1-571f-4ed2-a8c8-c720c267d35d,2500,2500,1,daily,3,250
0190,0190 - SILVER METALLIC DESIGNER DRAPED SAREE Rs.4000/-,DOR,0190 - SILVER METALLIC DESIGNER DRAPED SAREE Rs.4000/-,https://firebasestorage.googleapis.com/v0/b/renting-wala-27d06.appspot.com/o/products%2F4444%2F190.jpg?alt=media&token=8eec42a1-9252-4e20-bb0a-b6e52a521bf2,4000,4000,1,daily,3,400
0191,0191 - MIDNIGHT BLUE CORSET DRAPED SAREE Rs.3000/-,DOR,0191 - MIDNIGHT BLUE CORSET DRAPED SAREE Rs.3000/-,https://firebasestorage.googleapis.com/v0/b/renting-wala-27d06.appspot.com/o/products%2F4444%2F191.jpg?alt=media&token=bd131104-579b-4dd3-9ff9-2a0f0df6d724,3000,3000,1,daily,3,300
0192,0192- METALLIC NUTMEG DRAPED SAREE WITH GOLDEN WORK BLOUSE Rs. 3000/-,DOR,0192- METALLIC NUTMEG DRAPED SAREE WITH GOLDEN WORK BLOUSE Rs. 3000/-,https://firebasestorage.googleapis.com/v0/b/renting-wala-27d06.appspot.com/o/products%2F4444%2F193.jpg?alt=media&token=0ed7e8dc-a8c2-42bc-b204-02481ff22795,3000,3000,1,daily,3,300
0193,0193 - MAROON METALLIC SATIN CORSET DRAPED SAREE Rs. 4000/-,DOR,0193 - MAROON METALLIC SATIN CORSET DRAPED SAREE Rs. 4000/-,https://firebasestorage.googleapis.com/v0/b/renting-wala-27d06.appspot.com/o/products%2F4444%2F192.jpg?alt=media&token=7f0f9cb7-59f4-45e4-93fb-90e97eea592a,4000,4000,1,daily,3,400
0194,0194 - V-SHAPE CUT WAIST SKIRT WITH CORSET & ROUND NECK SHOULDER CAPE Rs.5000/-,DOR,0194 - V-SHAPE CUT WAIST SKIRT WITH CORSET & ROUND NECK SHOULDER CAPE Rs.5000/-,https://firebasestorage.googleapis.com/v0/b/renting-wala-27d06.appspot.com/o/products%2F4444%2F194.jpg?alt=media&token=71a7a7f4-176c-4d8d-a446-c51a75311cb8,5000,5000,1,daily,3,500
0195,0195 - CHEDDAR YELLOW CAPE BLOUSE WITH DHOTI Rs.4000/-,DOR,0194 - V-SHAPE CUT WAIST SKIRT WITH CORSET & ROUND NECK SHOULDER CAPE Rs.5000/-,https://firebasestorage.googleapis.com/v0/b/renting-wala-27d06.appspot.com/o/products%2F4444%2F195.jpg?alt=media&token=914140b1-daed-458a-83fd-dcefe6490dfe,4000,4000,1,daily,3,400
0196,0196 - RUST ORANGE DRAPED SAREE WITH BANARASI DESIGN CORSET Rs.3000/-,DOR,0196 - RUST ORANGE DRAPED SAREE WITH BANARASI DESIGN CORSET Rs.3000/-,https://firebasestorage.googleapis.com/v0/b/renting-wala-27d06.appspot.com/o/products%2F4444%2F196.jpg?alt=media&token=f97b36c9-0569-4cf1-a266-5cfd1b37d3d5,3000,3000,1,daily,3,300
0197,0197 - TANGERINE SKIRT & BLOUSE Rs. 4000/-,DOR,0197 - TANGERINE SKIRT & BLOUSE Rs. 4000/-,https://firebasestorage.googleapis.com/v0/b/renting-wala-27d06.appspot.com/o/products%2F4444%2F197.jpg?alt=media&token=896bd61e-c18b-4a6a-8028-3727109a6018,4000,4000,1,daily,3,400
0198,0198 - CRYSTAL TEAL BLUE FISH CUT LEHENGA WITH BANARASI DESIGN CORSET Rs.4000/-,DOR,0198 - CRYSTAL TEAL BLUE FISH CUT LEHENGA WITH BANARASI DESIGN CORSET Rs.4000/-,https://firebasestorage.googleapis.com/v0/b/renting-wala-27d06.appspot.com/o/products%2F4444%2F198.jpg?alt=media&token=01b3289d-0f0a-42dc-9dd2-90309ee7fd0a,4000,4000,1,daily,3,400
0199,0199 - BROWN BEEHIVE FISHCUT LEHENGA Rs.4000/-,-,0198 - CRYSTAL TEAL BLUE FISH CUT LEHENGA WITH BANARASI DESIGN CORSET Rs.4000/-,https://firebasestorage.googleapis.com/v0/b/renting-wala-27d06.appspot.com/o/products%2F4444%2F199.jpg?alt=media&token=7029f0dc-90e3-4712-99ad-fb1c6ef68a1e,4000,4000,1,daily,3,400
0200,0200 - FULL SLEEVES IVORY BEIGE FISHCUT LEHENGA Rs.5000/-,DOR,0200 - FULL SLEEVES BEIGE FISHCUT LEHENGA Rs.5000/-,https://firebasestorage.googleapis.com/v0/b/renting-wala-27d06.appspot.com/o/products%2F4444%2F200.jpg?alt=media&token=7c7ae57a-a99b-463e-b008-42cde8e4bd12,5000,5000,1,daily,3,500
0201,0201 - IVORY GREEN SAREE GOWN Rs.5000/-,DOR,0201 - IVORY GREEN SAREE GOWN Rs.5000/-,https://firebasestorage.googleapis.com/v0/b/renting-wala-27d06.appspot.com/o/products%2F4444%2F201.jpg?alt=media&token=b220b148-f6fb-4486-914c-952ac6e35169,5000,5000,1,daily,3,500
0202,0202 - GOLDEN DESIGNER DRAPED SAREE Rs.5000/-,DOR,0202 - GOLDEN DESIGNER DRAPED SAREE Rs.5000/-,https://firebasestorage.googleapis.com/v0/b/renting-wala-27d06.appspot.com/o/products%2F4444%2F202.jpg?alt=media&token=2d298e23-c012-49a8-a225-91396e5b9b90,5000,5000,1,daily,3,500
0203,0203 - OLIVE GOLD DESIGNER ANARKALI Rs.6000/-,DOR,0203 - OLIVE GOLD DESIGNER ANARKALI Rs.6000/-,https://firebasestorage.googleapis.com/v0/b/renting-wala-27d06.appspot.com/o/products%2F4444%2FIMG_2618_2.jpg?alt=media&token=e554bd6a-1ab4-4f9d-bae6-c3101da9891c,6000,6000,1,daily,3,600
0204,0204 - FISH CUT POWDER BLUE LEHENGA WITH ONE SIDE CAPE BLOUSE Rs. 3000/-,DOR,0204 - FISH CUT POWDER BLUE LEHENGA WITH ONE SIDE CAPE BLOUSE Rs. 3000/-,https://firebasestorage.googleapis.com/v0/b/renting-wala-27d06.appspot.com/o/products%2F4444%2FIMG_2627_2.jpg?alt=media&token=e7a8af30-f923-4018-b974-667bbdf25303,3000,3000,1,daily,3,300
0205,0205 - PINK ORANGE GOLDEN BORDER LEHENGA Rs. 3000/-,DOR,0205 - PINK ORANGE GOLDEN BORDER LEHENGA Rs. 3000/-,https://firebasestorage.googleapis.com/v0/b/renting-wala-27d06.appspot.com/o/products%2F4444%2FIMG_2620_2.jpg?alt=media&token=179847ba-35cd-45e5-8636-378a158a95a3,3000,3000,1,daily,3,300
0206,0206 - SKY BLUE SLEEVELESS LEHENGA Rs. 3000/-,DOR,0206 - SKY BLUE SLEEVELESS LEHENGA Rs. 3000/-,https://firebasestorage.googleapis.com/v0/b/renting-wala-27d06.appspot.com/o/products%2F4444%2FIMG_2629.jpg?alt=media&token=ad247534-cb0e-43e2-8934-eb583e19eef9,3000,3000,1,daily,3,300
0207,0207 - NEON YELLOW FULL SLEEVES LEHENGA Rs. 4000/-,DOR,0207 - NEON YELLOW FULL SLEEVES LEHENGA Rs. 4000/-,https://firebasestorage.googleapis.com/v0/b/renting-wala-27d06.appspot.com/o/products%2F4444%2FIMG_2625.jpg?alt=media&token=5f54884b-cbdc-4944-af40-3c31c73fc101,4000,4000,1,daily,3,400
0208,0208 - MUSTARD ORANGE LOOSE SLEEVES LEHENGA Rs. 4000/-,DOR,0207 - NEON YELLOW FULL SLEEVES LEHENGA Rs. 4000/-,https://firebasestorage.googleapis.com/v0/b/renting-wala-27d06.appspot.com/o/products%2F4444%2FIMG_2624.jpg?alt=media&token=a1085f72-2592-4348-bd1e-167d0c8921b9,4000,4000,1,daily,3,400
0209,0209 - DEEP VIOLET FISHCUT LEHENGA Rs. 6000/-,DOR,0209 - DEEP VIOLET FISHCUT LEHENGA Rs. 6000/-,https://firebasestorage.googleapis.com/v0/b/renting-wala-27d06.appspot.com/o/products%2F4444%2FIMG_2626_2.jpg?alt=media&token=953c1a0d-fde3-4d09-a3ef-72f862a1bea3,6000,6000,1,daily,3,600
0210,0210 - PDP DESIGNER LEHENGA Rs. 8000/-,PDP,0210 - PDP DESIGNER LEHENGA Rs. 8000/-,https://firebasestorage.googleapis.com/v0/b/renting-wala-27d06.appspot.com/o/products%2F4444%2FIMG_2631_2.jpg?alt=media&token=53eb0b63-577f-4504-b11e-cc74a007c189,8000,8000,1,daily,3,800
0211,0211- GRAY FULL SLEEVES LEHENGA Rs. 6000/-,DOR,0211- GRAY FULL SLEEVES LEHENGA Rs. 6000/-,https://firebasestorage.googleapis.com/v0/b/renting-wala-27d06.appspot.com/o/products%2F4444%2FIMG_2621_2.jpg?alt=media&token=ba9d80cb-ef59-4180-9e88-4bcee7123b61,6000,6000,1,daily,3,600
0212,0212 - GOLDEN BROWN DESIGNER BRIDAL LEHENGA Rs. 6000/-,DOR,0212 - GOLDEN BROWN DESIGNER BRIDAL LEHENGA Rs. 6000/-,https://firebasestorage.googleapis.com/v0/b/renting-wala-27d06.appspot.com/o/products%2F4444%2FIMG_2622.jpg?alt=media&token=a2c423e2-af8f-4582-b375-2d38a84ec2cf,6000,6000,1,daily,3,600
1,0001 -  WHITE GLITTER BALL GOWN - Rs.2500/-,DOR,0001 -  WHITE GLITTER BALL GOWN - Rs.2500/-,https://firebasestorage.googleapis.com/v0/b/renting-wala-27d06.appspot.com/o/products%2F0001.JPG?alt=media&token=26491511-81cb-4ecd-ba19-2eebe898d460,2500,2500,1,daily,3,250
10,0010 - GOLDEN NET GLITER BALL GOWN - Rs.2000/-,DOR,0010 - GOLDEN NET GLITER BALL GOWN - Rs.2000/-,https://firebasestorage.googleapis.com/v0/b/renting-wala-27d06.appspot.com/o/products%2F0010.JPG?alt=media&token=afcdff9e-0789-4e1e-bb4c-4481b5aa157a,2000,2000,1,daily,3,200
100,0100 - PINK BRIDAL DOUBLE DUPATTA LEHENGA - Rs. 6000/-,DOR,0100 - PINK BRIDAL DOUBLE DUPATTA LEHENGA - Rs. 6000/-,https://firebasestorage.googleapis.com/v0/b/renting-wala-27d06.appspot.com/o/products%2F0100.JPG?alt=media&token=c71abb2a-7369-4cfd-9e14-399421df9650,6000,6000,1,daily,3,600
101,0101 -  DARK PINK BRIDAL LEHENGA - Rs. 5000/-,DOR,0101 -  DARK PINK BRIDAL LEHENGA - Rs. 5000/-,https://firebasestorage.googleapis.com/v0/b/renting-wala-27d06.appspot.com/o/products%2F0101.JPG?alt=media&token=70b9e89a-d7bc-4c85-a89a-df5c447cad03,5000,5000,1,daily,3,500
102,0102 - COPPER GOLD HEAVY WORK DESIGNER LEHENGA -  Rs. 6000/-,DOR,0102 - COPPER GOLD HEAVY WORK DESIGNER LEHENGA -  Rs. 6000/-,https://firebasestorage.googleapis.com/v0/b/renting-wala-27d06.appspot.com/o/products%2F0102.JPG?alt=media&token=7ce53712-9228-4c98-b4ba-ff378d96ae54,6000,6000,1,daily,3,600
103,0103 - GREEN DOLI WORK LEHENGA - Rs. 3000/-,DOR,0103 - GREEN DOLI WORK LEHENGA - Rs. 3000/-,https://firebasestorage.googleapis.com/v0/b/renting-wala-27d06.appspot.com/o/products%2F0103.JPG?alt=media&token=75c91163-5e00-4969-a1b4-d06bf231a499,3000,3000,1,daily,3,300
104,0104 - MARRON BRIDAL DESIGNER LEHENGA - Rs. 8000/-,DOR,0104 - MARRON BRIDAL DESIGNER LEHENGA - Rs. 8000/-,https://firebasestorage.googleapis.com/v0/b/renting-wala-27d06.appspot.com/o/products%2F0104.JPG?alt=media&token=d20620cf-94bb-4af1-869b-8b25dbaad214,8000,8000,1,daily,3,800
105,0105 - IVORY CHICKENKARI MARRON LEHENGA - Rs. 5000/-,DOR,0105 - IVORY CHICKENKARI MARRON LEHENGA - Rs. 5000/-,https://firebasestorage.googleapis.com/v0/b/renting-wala-27d06.appspot.com/o/products%2F0105.JPG?alt=media&token=14e0ff26-3725-4ace-aa45-c64487c8b347,5000,5000,1,daily,3,500
106,0106 - PINK GOLDEN LACE LEHENGA - Rs.4000/-,DOR,0106 - PINK GOLDEN LACE LEHENGA - Rs.4000/-,https://firebasestorage.googleapis.com/v0/b/renting-wala-27d06.appspot.com/o/products%2F0106.JPG?alt=media&token=7140c7ce-d200-4919-a619-9edfce365625,4000,4000,1,daily,3,400
107,0107 - HEAVY BRIDAL MARRON VELVET DESIGNER DOUBLE DUPATTA LEHENGA- Rs.8000/-,DOR,0107 - HEAVY BRIDAL MARRON VELVET DESIGNER DOUBLE DUPATTA LEHENGA- Rs. 8000/-,https://firebasestorage.googleapis.com/v0/b/renting-wala-27d06.appspot.com/o/products%2F0107.JPG?alt=media&token=9c69ea8e-5520-4868-8e34-2cf075eca950,8000,8000,1,daily,3,800
11,0011 - SKY BLUE STONE NET GOWN - Rs.1500/-,DOR,0011 - SKY BLUE STONE NET GOWN - Rs.1500/-,https://firebasestorage.googleapis.com/v0/b/renting-wala-27d06.appspot.com/o/products%2F0011.JPG?alt=media&token=eccfb2ea-05f2-4b71-8aef-9980da328d57,1500,1500,1,daily,3,150
12,0012 - SKY BLUE FLORAL BALL GOWN - Rs.3000/-,DOR,0012 - SKY BLUE FLORAL BALL GOWN - Rs.3000/-,https://firebasestorage.googleapis.com/v0/b/renting-wala-27d06.appspot.com/o/products%2F0012.JPG?alt=media&token=2229a812-64a3-4a59-bc1d-43f2bf2dd64e,3000,3000,1,daily,3,300
13,0013 - OFF WHITE FLORAL BALL GOWN - Rs.3000/-,DOR,0013 - OFF WHITE FLORAL BALL GOWN - Rs.3000/-,https://firebasestorage.googleapis.com/v0/b/renting-wala-27d06.appspot.com/o/products%2F0013.JPG?alt=media&token=ad33bb27-b625-4058-bce6-c5f417e86713,3000,3000,1,daily,3,300
14,0014 - RED FLORAL BALL GOWN - Rs.3000/-,DOR,0014 - RED FLORAL BALL GOWN - Rs.3000/-,https://firebasestorage.googleapis.com/v0/b/renting-wala-27d06.appspot.com/o/products%2F0014.JPG?alt=media&token=f8fe5427-6287-4133-827c-778650530a90,3000,3000,1,daily,3,300
15,0015 - LAVENDER NET FLORAL - RS.1200/-,DOR,0015 - LAVENDER NET FLORAL - RS.1200/-,https://firebasestorage.googleapis.com/v0/b/renting-wala-27d06.appspot.com/o/products%2F0015.JPG?alt=media&token=78a87d3e-25a4-4e8d-84a3-cab9bfb678aa,1200,1200,1,daily,3,120
16,0016 - PEACH STONE NET BALL GOWN - Rs.3000/-,DOR,0016 - PEACH STONE NET BALL GOWN - Rs.3000/-,https://firebasestorage.googleapis.com/v0/b/renting-wala-27d06.appspot.com/o/products%2F0016.JPG?alt=media&token=2eb6e38f-d094-49e8-bf3d-69237d0391a0,3000,3000,1,daily,3,300
17,0017 - RED FULL SLEEVES NET BALL GOWN - Rs.3000/-,DOR,0017 - RED FULL SLEEVES NET BALL GOWN - Rs.3000/-,https://firebasestorage.googleapis.com/v0/b/renting-wala-27d06.appspot.com/o/products%2F0017.JPG?alt=media&token=94b20270-a716-4783-ab34-eb691f92846d,3000,3000,1,daily,3,300
18,0018 - BABY PINK NET HAND STONE GOWN - Rs.800/-,DOR,0018 - BABY PINK NET HAND STONE GOWN - Rs.800/-,https://firebasestorage.googleapis.com/v0/b/renting-wala-27d06.appspot.com/o/products%2F0018.JPG?alt=media&token=bf17382b-4dc7-4659-8e5e-0497baaabbea,800,800,1,daily,3,80
19,0019 - POWDER BLUE FULL SLEEVES NET GOWN - Rs.1200/-,DOR,0019 - POWDER BLUE FULL SLEEVES NET GOWN - Rs.1200/-,https://firebasestorage.googleapis.com/v0/b/renting-wala-27d06.appspot.com/o/products%2F0019.JPG?alt=media&token=d996d881-f860-43e1-810e-647968147130,1200,1200,1,daily,3,120
2,0002 - BABY PINK GLITTER BALL GOWN - Rs.2000/-,DOR,0002 - BABY PINK GLITTER BALL GOWN - Rs.2000/-,https://firebasestorage.googleapis.com/v0/b/renting-wala-27d06.appspot.com/o/products%2F0002.JPG?alt=media&token=632373b1-4474-4990-9cc0-21542b25205e,2000,2000,1,daily,3,200
20,0020 - BLACK BOW NET GOWN - Rs.800/-,DOR,0020 - BLACK BOW NET GOWN - Rs.800/-,https://firebasestorage.googleapis.com/v0/b/renting-wala-27d06.appspot.com/o/products%2F0020.JPG?alt=media&token=77c0e7c6-d278-45b7-9a2a-b1d3827c3390,800,800,1,daily,3,80
21,0021 - PEACH GOLDEN DUAL TONE GLITTER GOWN - Rs.2000/-,DOR,0021 - PEACH GOLDEN DUAL TONE GLITTER GOWN - Rs.2000/-,https://firebasestorage.googleapis.com/v0/b/renting-wala-27d06.appspot.com/o/products%2F0021.JPG?alt=media&token=4a667459-67a6-4b7d-935a-a4cd780b7c99,2000,2000,1,daily,3,200
22,0022 - BABY PINK ORGANZA GOWN - Rs.1000/-,DOR,0022 - BABY PINK ORGANZA GOWN - Rs.1000/-,https://firebasestorage.googleapis.com/v0/b/renting-wala-27d06.appspot.com/o/products%2F0022.JPG?alt=media&token=571ba78a-3b19-4067-9a55-0801be4fdc10,1000,1000,1,daily,3,100
23,0023 - RED MAROON SEQUIN BALL NET GOWN - Rs.3000/-,DOR,0023 - RED MAROON SEQUIN BALL NET GOWN - Rs.3000/-,https://firebasestorage.googleapis.com/v0/b/renting-wala-27d06.appspot.com/o/products%2F0023.JPG?alt=media&token=ccc675e3-e543-4c1c-ac40-0cc0090d2154,3000,3000,1,daily,3,300
24,0024 - POWDER BLUE STONE RUFFLE BALL GOWN - Rs.2000/-,DOR,0024 - POWDER BLUE STONE RUFFLE BALL GOWN - Rs.2000/-,https://firebasestorage.googleapis.com/v0/b/renting-wala-27d06.appspot.com/o/products%2F0024.JPG?alt=media&token=488e2d8f-aede-4622-85e1-67277ccbb5ea,2000,2000,1,daily,3,200
25,0025 - PEACH GOLDEN STONE NET GOWN - Rs.2000/-,DOR,0025 - PEACH GOLDEN STONE NET GOWN - Rs.2000/-,https://firebasestorage.googleapis.com/v0/b/renting-wala-27d06.appspot.com/o/products%2F0025.JPG?alt=media&token=a4e97eec-a8ee-4f38-8aee-eefdb4eacf71,2000,2000,1,daily,3,200
26,0026 - BLACK CUT SLEEVES GOLDEN GEORGETTE GOWN - Rs.800/-,DOR,0026 - BLACK CUT SLEEVES GOLDEN GEORGETTE GOWN - Rs.800/-,https://firebasestorage.googleapis.com/v0/b/renting-wala-27d06.appspot.com/o/products%2F0026.JPG?alt=media&token=f32ab0fb-b0b8-45d4-93ef-79f8a7c2ce5d,800,800,1,daily,3,80
27,0027 - LAVENDER GLITTER DUAL TONE BALL GOWN - Rs.2000/-,DOR,0027 - LAVENDER GLITTER DUAL TONE BALL GOWN - Rs.2000/-,https://firebasestorage.googleapis.com/v0/b/renting-wala-27d06.appspot.com/o/products%2F0027.JPG?alt=media&token=0c89989b-6c2d-4e3a-a762-3e72aacea490,2000,2000,1,daily,3,200
28,0028 - PEACH RUFFLE SLEEVES STONE BALL GOWN - Rs.1500/-,DOR,0028 - PEACH RUFFLE SLEEVES STONE BALL GOWN - Rs.1500/-,https://firebasestorage.googleapis.com/v0/b/renting-wala-27d06.appspot.com/o/products%2F0028.JPG?alt=media&token=2d8a3a80-1321-408c-8f40-4734158cdfcd,1500,1500,1,daily,3,150
29,0029 - RED RUFFLES SLEEVES NET GOWN - Rs.1500/-,DOR,0029 - RED RUFFLES SLEEVES NET GOWN - Rs.1500/-,https://firebasestorage.googleapis.com/v0/b/renting-wala-27d06.appspot.com/o/products%2F0029.JPG?alt=media&token=4f47532b-1f41-4ae1-9f27-60f3183d5279,1500,1500,1,daily,3,150
3,0003 - SKY BLUE BOW NET V GOWN -  Rs.800/-,DOR,0003 - SKY BLUE BOW NET V GOWN -  Rs.800/-,https://firebasestorage.googleapis.com/v0/b/renting-wala-27d06.appspot.com/o/products%2F0003.JPG?alt=media&token=e951d33f-cd09-441d-91f1-ea7d484cc481,800,800,1,daily,3,80
30,0030 - BABY PINK PLAIN NET BALL GOWN - Rs.2000/-,DOR,0030 - BABY PINK PLAIN NET BALL GOWN - Rs.2000/-,https://firebasestorage.googleapis.com/v0/b/renting-wala-27d06.appspot.com/o/products%2F0030.JPG?alt=media&token=070fbbcc-3e1a-4c6e-ab69-c1370247cd40,2000,2000,1,daily,3,200
31,0031 - BLACK FLORAL STONE BALL GOWN - Rs.1200/-,DOR,0031 - BLACK FLORAL STONE BALL GOWN - Rs.1200/-,https://firebasestorage.googleapis.com/v0/b/renting-wala-27d06.appspot.com/o/products%2F0031.JPG?alt=media&token=4d88ad75-efb4-4ae6-ac25-8761d5819aab,1200,1200,1,daily,3,120
32,0032 - LAVENDER GLITTER DUAL TONE GOWN - Rs.2000/-,DOR,0032 - LAVENDER GLITTER DUAL TONE GOWN - Rs.2000/-,https://firebasestorage.googleapis.com/v0/b/renting-wala-27d06.appspot.com/o/products%2F0032.JPG?alt=media&token=80a04af7-f4bb-4512-b521-a89f463d4afe,2000,2000,1,daily,3,200
33,0033 -  BABY PINK CORSET FRILL GOWN - Rs.3500/-,DOR,0033 -  BABY PINK CORSET FRILL GOWN - Rs.3500/-,https://firebasestorage.googleapis.com/v0/b/renting-wala-27d06.appspot.com/o/products%2F0033.JPG?alt=media&token=19ed0db8-d94b-4a17-8032-b339dbcd2094,3500,3500,1,daily,3,350
34,0034 - BLACK ORGANZA SLEEVES GOWN - Rs.1000/-,DOR,0034 - BLACK ORGANZA SLEEVES GOWN - Rs.1000/-,https://firebasestorage.googleapis.com/v0/b/renting-wala-27d06.appspot.com/o/products%2F0034.JPG?alt=media&token=a019910f-d075-45ac-976a-f6bfc5c9e449,1000,1000,1,daily,3,100
35,0035 - LAVENDER STONE RUFFLE BALL GOWN - Rs.2000/-,DOR,0035 - LAVENDER STONE RUFFLE BALL GOWN - Rs.2000/-,https://firebasestorage.googleapis.com/v0/b/renting-wala-27d06.appspot.com/o/products%2F0035.JPG?alt=media&token=59736e8e-d361-4030-8465-40b771d8125b,2000,2000,1,daily,3,200
36,0036 - TOMATO RED FULL SLEEVES NET BALL GOWN - Rs.2000/-,DOR,0036 - TOMATO RED FULL SLEEVES NET BALL GOWN - Rs.2000/-,https://firebasestorage.googleapis.com/v0/b/renting-wala-27d06.appspot.com/o/products%2F0036.JPG?alt=media&token=3f52619d-4835-4e4d-8b51-46fc097918a3,2000,2000,1,daily,3,200
37,0037 - BABY PINK ROSE GOLD SEQUIN BALL GOWN - Rs.3000/-,DOR,0037 - BABY PINK ROSE GOLD SEQUIN BALL GOWN - Rs.3000/-,https://firebasestorage.googleapis.com/v0/b/renting-wala-27d06.appspot.com/o/products%2F0037.JPG?alt=media&token=04defe7a-16c4-41dd-b91e-0636d79583b9,3000,3000,1,daily,3,300
38,0038 - LAVENDER STONE RUFFLE SLEEVES GOWN - Rs.1500/-,DOR,0038 - LAVENDER STONE RUFFLE SLEEVES GOWN - Rs.1500/-,https://firebasestorage.googleapis.com/v0/b/renting-wala-27d06.appspot.com/o/products%2F0038.JPG?alt=media&token=71d673a1-060c-44a3-ae99-c095c4c29cb5,1500,1500,1,daily,3,150
39,0039 - LIGHT PINK FULL SLEEVES BALL GOWN - Rs.1200/-,DOR,0039 - LIGHT PINK FULL SLEEVES BALL GOWN - Rs.1200/-,https://firebasestorage.googleapis.com/v0/b/renting-wala-27d06.appspot.com/o/products%2F0039.JPG?alt=media&token=58e82b94-5753-45ce-a16f-9afdcb83a10d,1200,1200,1,daily,3,120
4,0004 - LAVENDER BOW NET RUFFLE GOWN - Rs.800/-,DOR,0004 - LAVENDER BOW NET RUFFLE GOWN - Rs.800/-,https://firebasestorage.googleapis.com/v0/b/renting-wala-27d06.appspot.com/o/products%2F0004.JPG?alt=media&token=b44a5c00-6378-426f-a2b2-2925a47850e5,800,800,1,daily,3,80
40,0040 - POWDER BLUE STONE FULL SLEEVES BALL GOWN - Rs.3000/-,DOR,0040 - POWDER BLUE STONE FULL SLEEVES BALL GOWN - Rs.3000/-,https://firebasestorage.googleapis.com/v0/b/renting-wala-27d06.appspot.com/o/products%2F0040.JPG?alt=media&token=303d7e94-9f01-4907-adb8-02da576f39be,3000,3000,1,daily,3,300
41,0041 - POWDER LAVENDER STONE FULL SLEEVES BALL GOWN - Rs.3000/-,DOR,0041 - POWDER LAVENDER STONE FULL SLEEVES BALL GOWN - Rs.3000/-,https://firebasestorage.googleapis.com/v0/b/renting-wala-27d06.appspot.com/o/products%2F0041.JPG?alt=media&token=af502d63-a049-4660-987a-2fa744b3ff39,3000,3000,1,daily,3,300
42,0042 - WINE FULL SLEEVES INDO WESTERN GOWN - Rs.3000/-,DOR,0042 - WINE FULL SLEEVES INDO WESTERN GOWN - Rs.3000/-,https://firebasestorage.googleapis.com/v0/b/renting-wala-27d06.appspot.com/o/products%2F0042.JPG?alt=media&token=43e78456-b5ca-41f8-8537-a316d3b03ed3,3000,3000,1,daily,3,300
43,0043 - BLACK STONE NET BALL GOWN - Rs.3000/-,DOR,0043 - BLACK STONE NET BALL GOWN - Rs.3000/-,https://firebasestorage.googleapis.com/v0/b/renting-wala-27d06.appspot.com/o/products%2F0043.JPG?alt=media&token=28469063-88bf-4e19-aa91-1911fe3d54f6,3000,3000,1,daily,3,300
44,0044 - BROWN INDO WESTERN GLASS WORK GOWN - Rs.2000/-,DOR,0044 - BROWN INDO WESTERN GLASS WORK GOWN - Rs.2000/-,https://firebasestorage.googleapis.com/v0/b/renting-wala-27d06.appspot.com/o/products%2F0044.JPG?alt=media&token=6988833e-efce-4e57-ba35-3be09574a360,2000,2000,1,daily,3,200
45,0045 - SILVER  MINI SLEEVES STONE WORK SEQUIN GOWN -  RS.3000/-,DOR,0045 - SILVER  MINI SLEEVES STONE WORK SEQUIN GOWN -  RS.3000/-,https://firebasestorage.googleapis.com/v0/b/renting-wala-27d06.appspot.com/o/products%2F0045.JPG?alt=media&token=fce5c50d-90f5-420c-9db0-e6015440f8ce,3000,3000,1,daily,3,300
46,0046 - DARK BLUE MINI SLEEVES STONE WORK SEQUIN GOWN -  RS.3000/-,DOR,0046 - DARK BLUE MINI SLEEVES STONE WORK SEQUIN GOWN -  RS.3000/-,https://firebasestorage.googleapis.com/v0/b/renting-wala-27d06.appspot.com/o/products%2F0046.JPG?alt=media&token=6fabe9c4-bb35-4dc6-84af-be6b79ef0dd0,3000,3000,1,daily,3,300
47,0047 - MULTICOLOUR GOLDEN SEQUIN BALL GOWN -  RS.4000/-,DOR,0047 - MULTICOLOUR GOLDEN SEQUIN BALL GOWN -  RS.4000/-,https://firebasestorage.googleapis.com/v0/b/renting-wala-27d06.appspot.com/o/products%2F0047.JPG?alt=media&token=edf071f6-0e5a-43fa-bc6b-c86d9493c757,4000,4000,1,daily,3,400
48,0048 - RED BOAT NECK ORGANZA BALL GOWN - Rs.4000/-,DOR,0048 - RED BOAT NECK ORGANZA BALL GOWN - Rs.4000/-,https://firebasestorage.googleapis.com/v0/b/renting-wala-27d06.appspot.com/o/products%2F0048.JPG?alt=media&token=6bbae476-7a02-4d1e-b75e-170c15825794,4000,4000,1,daily,3,400
49,0049 - BLACK AND WHITE GLITTER SEQUIN BALL GOWN - Rs.4000/-,DOR,0049 - BLACK AND WHITE GLITTER SEQUIN BALL GOWN - Rs.4000/-,https://firebasestorage.googleapis.com/v0/b/renting-wala-27d06.appspot.com/o/products%2F0049.JPG?alt=media&token=bacfd3c7-b587-4f40-90f1-5c3f1b220621,4000,4000,1,daily,3,400
5,0005 - BABY PINK BOW NET RUFFLE GOWN - Rs.800/-,DOR,0005 - BABY PINK BOW NET RUFFLE GOWN - Rs.800/-,https://firebasestorage.googleapis.com/v0/b/renting-wala-27d06.appspot.com/o/products%2F0005.JPG?alt=media&token=7f199a17-39eb-4df8-8c14-529f2266dc4d,800,800,1,daily,3,80
50,0050 - SILVER BOAT NECK GLITTER BALL GOWN - Rs.4000/-,DOR,0050 - SILVER BOAT NECK GLITTER BALL GOWN - Rs.4000/-,https://firebasestorage.googleapis.com/v0/b/renting-wala-27d06.appspot.com/o/products%2F0050.JPG?alt=media&token=811b8ea5-9352-4508-aad9-cdf8904a69fd,4000,4000,1,daily,3,400
51,0051 -  PURPLE INDO WESTERN BOW GOWN - Rs.2000/-,DOR,0051 -  PURPLE INDO WESTERN BOW GOWN - Rs.2000/-,https://firebasestorage.googleapis.com/v0/b/renting-wala-27d06.appspot.com/o/products%2F0051.JPG?alt=media&token=5bf0f510-3613-4464-a7d0-1cd4a3bee7ba,2000,2000,1,daily,3,200
52,0052 - LIGHT PINK SLEEVES SEQUIN BALL GOWN - Rs.4000/-,DOR,0052 - LIGHT PINK SLEEVES SEQUIN BALL GOWN - Rs.4000/-,https://firebasestorage.googleapis.com/v0/b/renting-wala-27d06.appspot.com/o/products%2F0052.JPG?alt=media&token=d8d77757-8ac7-4d79-94cc-972f5a776a2d,4000,4000,1,daily,3,400
53,0053 - RED STONE RUFFLE SLEEVES BALL GOWN - Rs.3500/-,DOR,0053 - RED STONE RUFFLE SLEEVES BALL GOWN - Rs.3500/-,https://firebasestorage.googleapis.com/v0/b/renting-wala-27d06.appspot.com/o/products%2F0053.JPG?alt=media&token=3bbb6568-e778-4966-b101-881b5628000e,3500,3500,1,daily,3,350
54,0054 - PISTA GREEN STONE NET SLEEVES BALL GOWN - Rs.2000/-,DOR,0054 - PISTA GREEN STONE NET SLEEVES BALL GOWN - Rs.2000/-,https://firebasestorage.googleapis.com/v0/b/renting-wala-27d06.appspot.com/o/products%2F0054.JPG?alt=media&token=61bbfebc-b251-418c-afb6-9a8b47298504,2000,2000,1,daily,3,1
55,0055 - MAROON SATIN RUFFLE SLEEVES GOWN - Rs.1000/-,DOR,0055 - MAROON SATIN RUFFLE SLEEVES GOWN - Rs.1500/-,https://firebasestorage.googleapis.com/v0/b/renting-wala-27d06.appspot.com/o/products%2F0055.JPG?alt=media&token=23a81576-d241-4dc1-aa42-5cf7291bcb54,1500,1500,1,daily,3,150
56,0056 - LIGHT PEACOCK NET BALL GOWN - Rs.1500/-,DOR,0056 - LIGHT PEACOCK NET BALL GOWN - Rs.1500/-,https://firebasestorage.googleapis.com/v0/b/renting-wala-27d06.appspot.com/o/products%2F0056.JPG?alt=media&token=f472c201-80d2-4c75-aa13-5b1422be90a5,1500,1500,1,daily,3,150
57,0057 -  DARK GREEN SRTONE FULL SLEEVES NET GOWN -  Rs.2000/-,DOR,0057 -  DARK GREEN SRTONE FULL SLEEVES NET GOWN -  Rs.2000/-,https://firebasestorage.googleapis.com/v0/b/renting-wala-27d06.appspot.com/o/products%2F0057.JPG?alt=media&token=07bcf47e-861c-425a-a309-60174ac6af83,2000,2000,1,daily,3,200
58,0058 -  WINE NET GOWN - Rs.800/-,DOR,0058 -  WINE NET GOWN - Rs.800/-,https://firebasestorage.googleapis.com/v0/b/renting-wala-27d06.appspot.com/o/products%2F0058.JPG?alt=media&token=8a4f36d6-2038-4491-b79e-dc431569ae66,800,800,1,daily,3,80
59,0059 - LIGHT PEACOCK BOATNECK BALL GOWN- Rs.2000/-,DOR,0059 - LIGHT PEACOCK BOATNECK BALL GOWN- Rs.2000/-,https://firebasestorage.googleapis.com/v0/b/renting-wala-27d06.appspot.com/o/products%2F0059.JPG?alt=media&token=0b7820cd-e9bd-452d-8482-897fe294efcf,2000,2000,1,daily,3,200
6,0006 - YELLOW BOW NET GOWN - Rs.800/-,DOR,0006 - YELLOW BOW NET GOWN - Rs.800/-,https://firebasestorage.googleapis.com/v0/b/renting-wala-27d06.appspot.com/o/products%2F0006.JPG?alt=media&token=ef0520bb-c24b-43cb-9b9d-382c8ee27304,800,800,1,daily,3,80
60,0060 - GREEN ORGANZA GOWN - Rs.1000/-,DOR,0060 - GREEN ORGANZA GOWN - Rs.1000/-,https://firebasestorage.googleapis.com/v0/b/renting-wala-27d06.appspot.com/o/products%2F0060.JPG?alt=media&token=0ab0d0ce-7fef-4282-bd05-2847d41e91d4,1000,1000,1,daily,3,100
61,0061 - PINK GOLDEN WORK GOWN - Rs.1500/-,DOR,0061 - PINK GOLDEN WORK GOWN - Rs.1500/-,https://firebasestorage.googleapis.com/v0/b/renting-wala-27d06.appspot.com/o/products%2F0061.JPG?alt=media&token=15dc06de-699b-4ea4-811f-6bbe08e1dc4d,1500,1500,1,daily,3,150
62,0062 - MORPANKHI NET GOWN - Rs.800/-,DOR,0062 - MORPANKHI NET GOWN - Rs.800/-,https://firebasestorage.googleapis.com/v0/b/renting-wala-27d06.appspot.com/o/products%2F0062.JPG?alt=media&token=e9899b5d-d8d7-4aaa-9e99-a33808d1e647,800,800,1,daily,3,80
63,0063 - WINE NET BALL GOWN - Rs.1500/-,DOR,0063 - WINE NET BALL GOWN - Rs.1500/-,https://firebasestorage.googleapis.com/v0/b/renting-wala-27d06.appspot.com/o/products%2F0063.JPG?alt=media&token=3d29407f-d25f-4f9c-8d2b-c41aff56908b,1500,1500,1,daily,3,150
64,0064 - PURPLE FULL SLEEVES BALL GOWN - Rs.2000/-,DOR,0064 - PURPLE FULL SLEEVES BALL GOWN - Rs.2000/-,https://firebasestorage.googleapis.com/v0/b/renting-wala-27d06.appspot.com/o/products%2F0064.JPG?alt=media&token=68e73be9-7917-4f5d-8f32-4513f9dda4ab,2000,2000,1,daily,3,200
65,0065 - MARRON TAFETA ONE SIDE SLEEVES GOWN - Rs.2500/-,DOR,0065 - MARRON TAFETA ONE SIDE SLEEVES GOWN - Rs.2500/-,https://firebasestorage.googleapis.com/v0/b/renting-wala-27d06.appspot.com/o/products%2F0065.JPG?alt=media&token=0a12eb6d-22a1-4b3f-9504-6e3461113dd8,2500,2500,1,daily,3,250
66,0066 - NAVY BLUE HEAVY WORK BALL GOWN - Rs.6000/-,DOR,0066 - NAVY BLUE HEAVY WORK BALL GOWN - Rs.6000/-,https://firebasestorage.googleapis.com/v0/b/renting-wala-27d06.appspot.com/o/products%2F0066.JPG?alt=media&token=86b6d85b-0914-4d41-ba62-6078821e7f1d,6000,6000,1,daily,3,600
67,0067 - RED SATIN RAMPWAY GOWN - Rs.3000/-,DOR,0067 - RED SATIN RAMPWAY GOWN - Rs.3000/-,https://firebasestorage.googleapis.com/v0/b/renting-wala-27d06.appspot.com/o/products%2F0067.JPG?alt=media&token=43e07451-214f-445e-962e-abec8ffb9fec,3000,3000,1,daily,3,300
68,0068 - BLACK RUFFLE BACKLESS TALE GOWN -  Rs.5000/-,DOR,0068 - BLACK RUFFLE BACKLESS TALE GOWN -  Rs.5000/-,https://firebasestorage.googleapis.com/v0/b/renting-wala-27d06.appspot.com/o/products%2F0068.JPG?alt=media&token=52e1ba1f-4d17-44e1-bc56-64cc21a6dd2e,5000,5000,1,daily,3,500
69,0069 -  YELLOW RUFFLE TALE GOWN - Rs.5000/-,DOR,0069 -  YELLOW RUFFLE TALE GOWN - Rs.5000/-,https://firebasestorage.googleapis.com/v0/b/renting-wala-27d06.appspot.com/o/products%2F0069.JPG?alt=media&token=4cea1ced-938b-4c59-b226-0be212ba7cb5,5000,5000,1,daily,3,500
7,0007 -  PURPLE BOW NET RUFFLE GOWN - Rs.800/-,DOR,0007 -  PURPLE BOW NET RUFFLE GOWN - Rs.800/-,https://firebasestorage.googleapis.com/v0/b/renting-wala-27d06.appspot.com/o/products%2F0007.JPG?alt=media&token=407c9f9b-65c3-4497-8e5b-57eccc32277b,800,800,1,daily,3,80
70,0070 - SKY BLUE GLITTER TALE GOWN - Rs.5000/-,DOR,0070 - SKY BLUE GLITTER TALE GOWN - Rs.5000/-,https://firebasestorage.googleapis.com/v0/b/renting-wala-27d06.appspot.com/o/products%2F0070.JPG?alt=media&token=3ccc4372-05ac-4733-9c01-e48f243368da,5000,5000,1,daily,3,500
71,0071 -  PRUSSIAN BLUE SEQUIN WHITE STONE GOWN -  Rs.3000/-,DOR,0071 -  PRUSSIAN BLUE SEQUIN WHITE STONE GOWN -  Rs.3000/-,https://firebasestorage.googleapis.com/v0/b/renting-wala-27d06.appspot.com/o/products%2F0071.JPG?alt=media&token=dda0147a-6a09-4ae7-8643-a2c538a25a13,3000,3000,1,daily,3,300
72,0072 - GRAY HEAVY WORK ORGANZA BALL GOWN - Rs.6000/-,DOR,0072 - GRAY HEAVY WORK ORGANZA BALL GOWN - Rs.6000/-,https://firebasestorage.googleapis.com/v0/b/renting-wala-27d06.appspot.com/o/products%2F0072.JPG?alt=media&token=ab574469-649d-4b81-a20e-52cb0f26eee6,6000,6000,1,daily,3,600
73,0073 - LIGHT GRAY SEQUIN WORK GOWN - Rs.3000/-,DOR,0073 - LIGHT GRAY SEQUIN WORK GOWN - Rs.3000/-,https://firebasestorage.googleapis.com/v0/b/renting-wala-27d06.appspot.com/o/products%2F0073.JPG?alt=media&token=ceeb9b0a-dc36-463e-a64c-73c12d018a12,3000,3000,1,daily,3,300
74,0074 - OFF WHITE THREAD WORK HEAVY BALL GOWN - Rs.6000/-,DOR,0074 - OFF WHITE THREAD WORK HEAVY BALL GOWN - Rs.6000/-,https://firebasestorage.googleapis.com/v0/b/renting-wala-27d06.appspot.com/o/products%2F0074.JPG?alt=media&token=9259135b-f0e8-4d8d-8505-3790ca3c88b3,6000,6000,1,daily,3,600
75,0075 - GRAY SEQUIN OFF SHOULDER NET GOWN - Rs.3000/-,DOR,0075 - GRAY SEQUIN OFF SHOULDER NET GOWN - RS.3000/-,https://firebasestorage.googleapis.com/v0/b/renting-wala-27d06.appspot.com/o/products%2F0075.JPG?alt=media&token=caf5411b-cbdd-4c9b-84b9-333578c078cc,3000,3000,1,daily,3,300
76,0076 - BLOOD RED SEQUIN BODYCON - Rs./- 1000,DOR,0076 - BLOOD RED SEQUIN BODYCON - Rs./- 1000,https://firebasestorage.googleapis.com/v0/b/renting-wala-27d06.appspot.com/o/products%2F0076.JPG?alt=media&token=3ce76729-5d71-43a2-89bb-6d504b7e6375,1000,1000,1,daily,3,100
77,0077 - WHITE SEQUIN BODYCON - Rs./- 1500,DOR,0077 - WHITE SEQUIN BODYCON - Rs./- 1500,https://firebasestorage.googleapis.com/v0/b/renting-wala-27d06.appspot.com/o/products%2F0077.JPG?alt=media&token=d11f2e34-aca7-47b9-9c07-12559d7208f0,1500,1500,1,daily,3,150
78,0078 - LEMON STONE BODYCON - Rs./- 1500,DOR,0078 - LEMON STONE BODYCON - Rs./- 1500,https://firebasestorage.googleapis.com/v0/b/renting-wala-27d06.appspot.com/o/products%2F0078.JPG?alt=media&token=019ba169-8210-4baf-800e-6117a8b83488,1500,1500,1,daily,3,150
79,0079 - PISTA BODYCON GOWN - Rs./- 1000,DOR,0079 - PISTA BODYCON GOWN - Rs./- 1000,https://firebasestorage.googleapis.com/v0/b/renting-wala-27d06.appspot.com/o/products%2F0079.JPG?alt=media&token=5d1c9da6-43d4-4ba6-bac0-b999ddecf6e8,1000,1000,1,daily,3,100
8,0008 - DARK PINK BOW NET GOWN - Rs.800/-,DOR,0008 - DARK PINK BOW NET GOWN - Rs.800/-,https://firebasestorage.googleapis.com/v0/b/renting-wala-27d06.appspot.com/o/products%2F0008.JPG?alt=media&token=fcec8e4b-b62e-4cb9-9418-3518675599ae,800,800,1,daily,3,80
80,0080 - WHITE SEQUIN FISHTALE BODYCON - Rs.2000/-,DOR,0080 - WHITE SEQUIN FISHTALE BODYCON - Rs.2000/-,https://firebasestorage.googleapis.com/v0/b/renting-wala-27d06.appspot.com/o/products%2F0080.JPG?alt=media&token=8329bdf6-76da-4a91-8031-5116d86192b2,2000,2000,1,daily,3,200
81,0081 - DEEP BLUE SEQUIN SLIT BODYCON - Rs./-  1500,DOR,0081 - DEEP BLUE SEQUIN SLIT BODYCON - Rs./-  1500,https://firebasestorage.googleapis.com/v0/b/renting-wala-27d06.appspot.com/o/products%2F0081.JPG?alt=media&token=8a69d28b-e374-4076-a3d8-d2a387795782,1500,1500,1,daily,3,150
82,0082 - WHITE SILVER SEQUIN BODYCON - Rs./- 2000,DOR,0082 - WHITE SILVER SEQUIN BODYCON - Rs./- 2000,https://firebasestorage.googleapis.com/v0/b/renting-wala-27d06.appspot.com/o/products%2F0082.JPG?alt=media&token=8d64491a-f870-4e07-a197-3f0f2a557496,2000,2000,1,daily,3,200
83,0083 - BLACK ROSEGOLD SEQUIN SLIT BODYCON - Rs./- 2000,DOR,0083 - BLACK ROSEGOLD SEQUIN SLIT BODYCON - Rs./- 2000,https://firebasestorage.googleapis.com/v0/b/renting-wala-27d06.appspot.com/o/products%2F0083.JPG?alt=media&token=07422f75-12e5-4e5f-9b43-8a917a57be35,2000,2000,1,daily,3,200
84,0084 - BLACK STONE LEHENGA - RS./- 6000,DOR,0084 - BLACK STONE LEHENGA - RS./- 6000,https://firebasestorage.googleapis.com/v0/b/renting-wala-27d06.appspot.com/o/products%2F0084.JPG?alt=media&token=f13a4f8f-0244-4f5d-b4f9-e33eb2a08adb,6000,6000,1,daily,3,600
85,0085 - PINK YELLOW LEHENGA DESIGNER - Rs./- 3000,DOR,0085 - PINK YELLOW LEHENGA DESIGNER - Rs./- 3000,https://firebasestorage.googleapis.com/v0/b/renting-wala-27d06.appspot.com/o/products%2F0085.JPG?alt=media&token=5eac9eec-868d-4c3f-a5cc-7fc896852843,3000,3000,1,daily,3,300
86,0086 - LIGHT LAVENDER LEHENGA - Rs./- 3000,DOR,0086 - LIGHT LAVENDER LEHENGA - Rs./- 3000,https://firebasestorage.googleapis.com/v0/b/renting-wala-27d06.appspot.com/o/products%2F0086.JPG?alt=media&token=a7caf2c8-f96d-4c04-9999-a294b99b19e6,3000,3000,1,daily,3,300
87,0087 - ONION LAVENDER LEHENGA - Rs./- 4000,DOR,0086 - ONION LAVENDER LEHENGA - Rs./- 4000,https://firebasestorage.googleapis.com/v0/b/renting-wala-27d06.appspot.com/o/products%2F0087.JPG?alt=media&token=51debb75-fd6e-4dee-9298-ab619bd99c3d,4000,4000,1,-,3,400
88,0088 - BLUE NET LEHENGA - Rs./- 1500,DOR,0088 - BLUE NET LEHENGA - Rs./- 1500,https://firebasestorage.googleapis.com/v0/b/renting-wala-27d06.appspot.com/o/products%2F0088.JPG?alt=media&token=1ce23ff8-a2cd-4c07-b3d5-ad32833b27bb,1500,1500,1,daily,3,150
89,0089 - YELLOW FLORAL LEHENGA - Rs./- 2500,DOR,0089 - YELLOW FLORAL LEHENGA - Rs./- 2500,https://firebasestorage.googleapis.com/v0/b/renting-wala-27d06.appspot.com/o/products%2F0089.JPG?alt=media&token=8a41eb98-b5b1-41d3-ad6d-c350904fb227,2500,2500,1,daily,3,250
9,0009 -  DARK RED NET GLITTER BALL GOWN - Rs.2000/-,DOR,0009 -  DARK RED NET GLITTER BALL GOWN - Rs.2000/-,https://firebasestorage.googleapis.com/v0/b/renting-wala-27d06.appspot.com/o/products%2F0009.JPG?alt=media&token=19be9462-6531-4fcd-a1d6-04591b47c845,2000,2000,1,daily,3,200
90,0090 - LEMON NET LEHENGA - Rs./-  1500,DOR,0090 - LEMON NET LEHENGA - Rs./-  1500,https://firebasestorage.googleapis.com/v0/b/renting-wala-27d06.appspot.com/o/products%2F0090.JPG?alt=media&token=2f7923ad-cc22-4250-ac03-840290da7f85,1500,1500,1,daily,3,150
91,0091 - HALFCUT ORGANZA OCEAN BLUE LEHENGA - Rs./- 2000,DOR,0091 - HALFCUT ORGANZA OCEAN BLUE LEHENGA - Rs./- 2000,https://firebasestorage.googleapis.com/v0/b/renting-wala-27d06.appspot.com/o/products%2F0091.JPG?alt=media&token=01c7e58d-d9f3-471b-a2de-8248a33db30d,2000,2000,1,daily,3,200
92,0092 - GOLDEN SILVER PLATED DESIGNER LEHENGA - Rs.6000/-,DOR,0092 - GOLDEN SILVER PLATED DESIGNER LEHENGA - Rs.6000/-,https://firebasestorage.googleapis.com/v0/b/renting-wala-27d06.appspot.com/o/products%2F0092.JPG?alt=media&token=9b212079-5d68-48bb-b4fb-4f6b36fa8a22,6000,6000,1,daily,3,600
93,0093 -  PEARL WHITE FULL SEQUIN LEHENGA - Rs. 6000,DOR,0093 -  PEARL WHITE FULL SEQUIN LEHENGA - Rs. 6000,https://firebasestorage.googleapis.com/v0/b/renting-wala-27d06.appspot.com/o/products%2F0093.JPG?alt=media&token=224c064a-d15c-4205-a26d-8403003d682a,6000,6000,1,daily,3,600
94,0094 -  IVORY DETAILED TWO DUPATTA DESIGNER LEHENGA - Rs. 6000/-,DOR,0094 -  IVORY DETAILED TWO DUPATTA DESIGNER LEHENGA - Rs. 6000/-,https://firebasestorage.googleapis.com/v0/b/renting-wala-27d06.appspot.com/o/products%2F0094.JPG?alt=media&token=69fecda7-f681-4977-bd2f-04210a7c1f7d,6000,6000,1,daily,3,600
95,0095 - PINK FLORAL LEHENGA - Rs. 2000/-,DOR,0095 - PINK FLORAL LEHENGA - Rs. 2000/-,https://firebasestorage.googleapis.com/v0/b/renting-wala-27d06.appspot.com/o/products%2F0095.JPG?alt=media&token=60c59fde-e306-458d-8bb0-aaab6fe77bac,2000,2000,1,daily,3,200
96,0096 -   BLOOD RED BRIDAL DESIGNER VELVET LEHENGA WITH TWO DUPATTA -Rs. 6000/-,DOR,0096 -   BLOOD RED BRIDAL DESIGNER VELVET LEHENGA WITH TWO DUPATTA -Rs. 6000/-,https://firebasestorage.googleapis.com/v0/b/renting-wala-27d06.appspot.com/o/products%2F0096.JPG?alt=media&token=6b168583-6d2c-46b0-a75a-271a726265c8,6000,6000,1,daily,3,600
97,0097 -  HEENA HEAVY STONE DESINGER FULL SLEEVES LEHENGA - Rs.6000/-,DOR,0097 -  HEENA HEAVY STONE DESINGER FULL SLEEVES LEHENGA - Rs.6000/-,https://firebasestorage.googleapis.com/v0/b/renting-wala-27d06.appspot.com/o/products%2F0097.JPG?alt=media&token=350980dc-c59c-4845-868c-c8abd4255278,6000,6000,1,daily,3,600
98,0098 -  PINK YELLOW STRIPS FLORAL LEHENGA - Rs. 4000,DOR,0098 -  PINK YELLOW STRIPS FLORAL LEHENGA - Rs. 4000,https://firebasestorage.googleapis.com/v0/b/renting-wala-27d06.appspot.com/o/products%2F0098.JPG?alt=media&token=29fbea21-9e9d-4d96-88c4-ca793d9f4363,4000,4000,1,daily,3,400
99,0099 - MULTICOLOR LEHENGA - Rs. 4000,DOR,0099 - MULTICOLOR LEHENGA - Rs. 4000,https://firebasestorage.googleapis.com/v0/b/renting-wala-27d06.appspot.com/o/products%2F0099.JPG?alt=media&token=d2c85bde-56e0-432c-aab2-d044bffe9c2b,4000,4000,1,daily,3,400